,aspect,base_category
0,technology,software / interaction
1,adjustment,Comfort & Ergonomics
2,2.5 litre petrol engine,engine / power train
4,engine sound,engine / power train
5,stops,brake
6,haptic feedback,climate / temperature control
9,handled,Driving Dynamics / Handling
10,rs7,model / generic car terms
11,rear track,climate / temperature control
12,get in and out -back,climate / temperature control
13,simplicity,Comfort & Ergonomics
14,camera on the roof,roof
15,manoeuvring,steering
16,spring,suspension
17,damper control,suspension
19,load lips,aerodynamics / airflow
20,cockpit,displays / instrumentation
21,loading,boot/cargo
22,start stop,brake
23,vehicle,model / generic car terms
25,size,dimensions & measurements
26,centre armrest,seats
28,going fast on motorway,acceleration
29,mercedes badge,model / generic car terms
30,body lines,body class
32,rear wheel drive,drive
33,interior,interior
35,sports mode sound,audio
36,surface,climate / temperature control
37,sand,road terrain
38,radio,audio
39,corner exiting traction,climate / temperature control
40,audi badge,model / generic car terms
41,surfaces,climate / temperature control
42,drive,drive
43,storage spaces,storage & utility
44,going round,road terrain
45,space in backseats,climate / temperature control
46,land rover discovery sport,brake
47,visibility at the front,visibility & view
48,dry,road terrain
49,map view,visibility & view
50,normal driving,drive
51,auto mode,Driving Dynamics / Handling
52,a4 boot,model / generic car terms
53,storage space,storage & utility
55,front face,climate / temperature control
56,side wall,body class
57,torque uplift,engine/ power train
58,ski hatch,boot/cargo
59,pricewise,road terrain
60,black stitching,climate / temperature control
61,v10 engine,engine / power train
63,universal garage door opener,doors
64,car wash,model / generic car terms
65,leather upgrade cost,interior materials & trim / finish
66,rocks,road terrain
67,rear spoiler,fuel / energy / charging
68,buying,value / cost
69,manual gearboxes,transmission
70,storage pouch,storage & utility
71,a8,model / generic car terms
72,plastic,exterior materials & finish
73,motor noise,engine/ power train
74,orange peel,exterior materials & finish
75,handbrake,brake
76,air 18,aerodynamics / airflow
77,cup holders,storage & utility
79,second row seats,seats
80,suspension choice,suspension
81,s c car,model / generic car terms
82,standard engine power,engine / power train
83,city driving,drive
84,display screen,displays / instrumentation
86,heads up display,displays / instrumentation
87,driving position,drive
88,door handle,doors
89,open the bonnet,bonnet
90,coat hooks,Comfort & Ergonomics
91,heavy cornering,cornering
93,snow,road terrain
94,lettering,model / generic car terms
95,vibe,design
96,could be space,climate / temperature control
97,lowering backseats,climate / temperature control
98,drive feel,drive
99,radio system,audio
100,wind,aerodynamics / airflow
101,undulations of the road,road terrain
102,parking assistant plus,driver assistance
103,parking sensors,parking
104,electric control for steering will,steering
105,side,body class
106,back wheel,climate / temperature control
109,dynamic package,climate / temperature control
110,vehicle lowest setting,model / generic car terms
111,high speed mobile internet,connectivity / integration
112,voice control system,voice & commands
113,boots,boot/cargo
114,user interface,climate / temperature control
115,lincoln m . k . c,model / generic car terms
116,change direction,steering
118,sporting suspension,suspension
119,rear wheel,drive
120,wheel,wheels & tyres
121,twin turbo petrol horsepower,engine/ power train
122,split gate height,boot/cargo
124,rev. counter,displays / instrumentation
125,backseat environment,climate / temperature control
126,plugin hybrid,fuel / energy / charging
127,saloon,body type
128,fuel,fuel / energy / charging
129,cupholders,storage & utility
130,hold assist price,driver assistance
131,sound proofing,roof
132,keyless entry,doors
134,offroad,road terrain
135,off road,road terrain
136,netted areas,model / generic car terms
137,efficiency mode,fuel / energy / charging
138,manual,transmission
139,drive train flooring,drive
140,badge,design
142,mountains,road terrain
143,air purification system with perfume,aerodynamics / airflow
144,power,engine/ power train
145,energy,fuel / energy / charging
146,highway efficiency,road terrain
147,c 250 d,model / generic car terms
148,look over shoulder,visibility & view
149,reversign camera,cameras
150,audi a6,model / generic car terms
151,trunk shape,boot/cargo
152,silver screen,displays / instrumentation
153,x3,model / generic car terms
154,changing gears using paddles,transmission
155,steering wheel shape,steering
156,battery size,model / generic car terms
157,no control for rear window,aerodynamics / airflow
158,c class,model / generic car terms
159,exhaust tips,exhaust
160,gear shifts,transmission
163,footroom,passenger space
164,incredibly tight street,road terrain
165,fixed covers,exterior materials & finish
167,battery location,model / generic car terms
169,diesel model fuel tank,fuel / energy / charging
170,window line,aerodynamics / airflow
171,maximum cargo space,climate / temperature control
172,audio systems,model / generic car terms
173,turbos,engine/ power train
174,family seat,seats
176,anti-roll bars,traction / stability
177,slippery track,model / generic car terms
178,carbon trim price,interior materials & trim / finish
179,offroad driving,drive
180,tailgated,boot/cargo
181,map,navigation / mapping
182,smoke,exhaust
183,exhaust clip,aerodynamics / airflow
184,virtual cockpit instrument,displays / instrumentation
185,accents,climate / temperature control
186,throttle,model / generic car terms
187,tailpipes,exhaust
188,front seats,seats
190,pockets in backseat,climate / temperature control
192,events,aerodynamics / airflow
193,price,road terrain
194,settings,model / generic car terms
196,tie down tethers,boot/cargo
197,upshift,transmission
198,wagon load,body type
200,gear changes,transmission
201,audio,model / generic car terms
202,high pressure oil system,engine / power train
203,remote key operations,driver assistance
205,automatic engine start stop system,engine / power train
206,nine speed automatic,transmission
207,middle seat,seats
208,side collision avoidance system,safety
209,0 to 60 spread,acceleration
210,upgraded command system,software / interaction
211,digital dollars,value / cost
212,hold assist system,driver assistance
214,legroom,passenger space
215,aesthetics,design
216,motorway,engine/ power train
217,qa8,model / generic car terms
218,dynamics,Driving Dynamics / Handling
219,sport steering,steering
220,front seat set,seats
221,traditional sedan,body type
222,window ledge,lighting
223,virtual cockpit,displays / instrumentation
224,door mirror controller,doors
225,sight,visibility & view
226,back window,climate / temperature control
227,operating window,aerodynamics / airflow
228,usb charging ports,connectivity / integration
229,any given road,road terrain
230,door bin,storage & utility
231,capacity,climate / temperature control
233,power trade,engine/ power train
234,cabinets,storage & utility
235,cars,model / generic car terms
236,gear selector,transmission
237,take off,acceleration
238,option packages,climate / temperature control
239,brake temperature,brake
240,eight speed automatic transmission,transmission
241,hatchback tailgate,climate / temperature control
242,lower section,boot/cargo
243,load space,climate / temperature control
244,flipping down the second row seats,aerodynamics / airflow
245,corner in wet weather,road terrain
246,f40 5 a.m. g,model / generic car terms
247,carrying three in the back,climate / temperature control
248,surround view parking,visibility & view
249,oversteer,steering
251,charging the battery,model / generic car terms
252,ground clearence,dimensions & measurements
253,storage jets,storage & utility
254,tray storage,storage & utility
255,laser lights,lighting
256,tech features,software / interaction
257,fitting a child seat,model / generic car terms
258,navigation system,navigation / mapping
260,seat release,seats
261,carbon fibre trim,interior materials & trim / finish
262,visibility,visibility & view
263,momentum99 fuel,fuel / energy / charging
265,audi q5,model / generic car terms
266,assist,driver assistance
267,menus,software / interaction
268,drive long way,drive
269,silhouette,model / generic car terms
270,a7 practicalty,Comfort & Ergonomics
271,backseat for people over 6 4,climate / temperature control
272,center stack,climate / temperature control
273,cornering,cornering
274,paddles,physical controls
275,folders,storage & utility
276,side bolsters,seats
277,back digital climate control,climate / temperature control
278,engine start stop system,engine / power train
279,racket,climate / temperature control
280,electrically operated steering column,steering
281,rear executive seat package,climate / temperature control
282,moonroof,roof
284,turn in,cornering
285,trim,interior materials & trim / finish
286,steering system,steering
288,backseat,climate / temperature control
289,unfamiliar back roads,climate / temperature control
290,wifi connectivity,connectivity / integration
291,gear selector knob,transmission
292,servicing,value / cost
293,audi r8,model / generic car terms
294,shacks,climate / temperature control
295,sport suspension,suspension
297,hybrid,fuel / energy / charging
298,extra bracing,climate / temperature control
299,parking center switch,parking
300,boot lip,aerodynamics / airflow
301,head unit,displays / instrumentation
302,integrated laser lights,lighting
303,new technology,software / interaction
305,extra bits of trim,interior materials & trim / finish
306,camera review,visibility & view
307,center arm,seats
308,residual value,value / cost
309,tour curve,road terrain
310,automatic gear selector,transmission
311,three people in the back,climate / temperature control
312,comfrot mode ride,drive
313,rear seat legroom,seats
314,dynamic steering,steering
315,cargo space,climate / temperature control
317,highway,road terrain
318,top down air,roof
320,street limit,road terrain
321,back seating,climate / temperature control
322,audi grills,model / generic car terms
323,protection,safety
324,rear space,climate / temperature control
325,panoramic glass freeze,roof
326,hatchback,climate / temperature control
327,pillows,seats
328,wood trim effect,interior materials & trim / finish
329,carrying three in back,climate / temperature control
330,detail lights,lighting
331,security,safety
332,straight driving,drive
333,auto driving,drive
334,engine versions,engine / power train
335,audi a7,model / generic car terms
336,phone cradle,connectivity / integration
337,dash angles,displays / instrumentation
338,image,design
339,design feature,design
340,no underfloor storage,storage & utility
341,driver seat heat dissipation,drive
342,rollover,safety
343,dynamic damper control,suspension
344,rpm band,engine/ power train
345,driving cars,drive
346,fold down receipts,Comfort & Ergonomics
347,overall look,design
349,360 degree camera system,cameras
350,magic body control,body class
351,nine speed automatic transmission,transmission
352,automatic acceleration,climate / temperature control
354,lighting,lighting
357,base price,road terrain
358,sound level,audio
359,dynamic clutch,transmission
360,crystal knob,physical controls
361,volvo xc60 offroad,road terrain
363,rough road,road terrain
364,satellite system,navigation / mapping
365,dry condition,road terrain
367,carrying stuff,boot/cargo
368,material on the glove box,boot/cargo
369,tracks,climate / temperature control
370,middle seat footroom,seats
371,carplay connectivity,connectivity / integration
374,rear passenger space,climate / temperature control
375,command,voice & commands
376,bumper sticks,road terrain
377,number keypad,physical controls
378,folds in back seat,climate / temperature control
379,corner grip,traction / stability
380,acceleration in efficiency mode,climate / temperature control
381,long drives,drive
382,leds,lighting
383,flat upshift,transmission
384,tt,model / generic car terms
385,parallel parking,parking
386,ecosystem,connectivity / integration
388,switches and dials,displays / instrumentation
390,rear bumper,road terrain
391,stripe,design
393,electronically controlled dampers,lighting
394,g l e 63,model / generic car terms
395,sand dunes,road terrain
396,sit,seats
397,steering reflexes,steering
398,charging,fuel / energy / charging
399,foot brake,brake
400,automatic tailgate,boot/cargo
401,gear change sound,transmission
402,grips,traction / stability
403,front discs,brake
404,a5 cooper,model / generic car terms
405,glass,windows / glass
406,practicalities,Comfort & Ergonomics
407,front seat,seats
408,electric steering,steering
409,at speed,acceleration
410,seating position,seats
411,new g class,model / generic car terms
412,average speed,acceleration
413,video chip,displays / instrumentation
414,a4 dual clutch,transmission
415,power band,engine/ power train
416,cushion,seats
417,wind noise,audio
418,windows,aerodynamics / airflow
419,off roader,road terrain
420,steering,steering
421,box,boot/cargo
422,types of suspension,suspension
423,main screen,displays / instrumentation
424,booth,boot/cargo
425,m5,model / generic car terms
426,antiroll bars,traction / stability
427,rough surface,climate / temperature control
428,bmw badge,model / generic car terms
429,supercar,model / generic car terms
430,overall interior quality,interior
431,central armrest,seats
432,semi autonomous driving system,drive
433,outside,body class
434,driving position ground clearance,drive
435,back pillars,climate / temperature control
436,door down head,doors
437,running cost,value / cost
438,transmission,transmission
439,bmw two series,model / generic car terms
441,choice,road terrain
442,s line ride,drive
443,exhaust pipe surround,exhaust
445,stability,traction / stability
446,virtual cockpit,displays / instrumentation
447,entertainment screen passenger view,visibility & view
448,turns,cornering
449,front end grip,traction / stability
450,four zone climate control,climate / temperature control
451,rear parking sensors,parking
452,newest s class,model / generic car terms
453,a piece of plastic,exterior materials & finish
454,acceleration,climate / temperature control
455,offroad mode,road terrain
458,steering control,steering
459,rough roads,road terrain
460,receiving position,seats
461,get in the back,climate / temperature control
462,get in and out -front,doors
464,drive position,drive
465,third row seat,seats
466,touch,gesture / motion controls
467,air suspension,suspension
468,headroom,passenger space
469,arm,seats
470,styling,design
471,wheel arch,wheels & tyres
472,blue and red stitches,interior materials & trim / finish
474,s tronic gearbox,model / generic car terms
475,door close,doors
476,front story jacket,climate / temperature control
477,tank,fuel / energy / charging
478,look,design
479,rear parking,parking
480,virtual cockpit,displays / instrumentation
481,software,software / interaction
482,magic body control camera,body class
483,drag,aerodynamics / airflow
484,bmw entertainment system,model / generic car terms
485,screens,displays / instrumentation
486,gesture commands,gesture / motion controls
487,optional surrounding cameras,cameras
488,alcantara,interior materials & trim / finish
489,goes over bumps,road terrain
490,gearbox,transmission
491,air deflector,aerodynamics / airflow
492,front wheels,wheels & tyres
493,sporting events,aerodynamics / airflow
494,speed up,acceleration
495,engine brace,engine / power train
496,noise levels,audio
497,second row seat,seats
499,screen clarity,displays / instrumentation
500,inside,interior
501,edges,body class
502,virtual 360 degree cameras,cameras
504,middle headroom,passenger space
505,gearbox auto mode,transmission
506,seat belt,seats
507,premium plus package price,climate / temperature control
508,blind spot,safety
509,opening,doors
510,front seat control,seats
511,road demeanor,road terrain
513,acoustic windscreen,climate / temperature control
514,light cover,lighting
515,rear armrest,seats
516,long in the car,Comfort & Ergonomics
517,audi a one s line,model / generic car terms
518,electric lumbar support,seats
519,performance amount,performance
521,tech,software / interaction
522,drive in town,drive
524,back seat control,climate / temperature control
525,public roads,road terrain
526,bmw a8,model / generic car terms
528,rs5 looks,model / generic car terms
529,goc 43,model / generic car terms
530,quattro drive system,model / generic car terms
532,seatback release,climate / temperature control
533,fuel economy,fuel / energy / charging
535,long distances,design
536,body panels,body class
537,old v8 sound,engine/ power train
538,motor,engine/ power train
539,wet road,road terrain
540,turbo petrol engine,engine / power train
541,bmw a8 plug in hybrid,fuel / energy / charging
543,door handle inserts,doors
544,door,doors
545,ashtray,storage & utility
546,road conditions,road terrain
547,bodywork,body class
548,rain sensing windshield wiper,aerodynamics / airflow
550,warning,safety
551,downforce,aerodynamics / airflow
552,button to open the boot,model / generic car terms
554,s5 sport back launch,model / generic car terms
557,lifespan,value / cost
558,window lead,aerodynamics / airflow
559,digital display,displays / instrumentation
560,bmw seven series,model / generic car terms
561,glovebox,boot/cargo
562,offset pedals,brake
565,third row space,climate / temperature control
567,a4 quatro,model / generic car terms
568,performance,performance
569,entry level diesel engine,engine / power train
570,individual setting,model / generic car terms
571,build,build quality / construction
572,cargo volume,boot/cargo
574,back windows,climate / temperature control
576,cargo hold,boot/cargo
577,shifts,transmission
578,load lifter,boot/cargo
579,damp,suspension
580,virual cockpit,displays / instrumentation
581,upgraded sound system,audio
582,pedals and springs,brake
584,tri color logo,design
585,rapid charging,fuel / energy / charging
586,tailgate,boot/cargo
587,voice recognition system,voice & commands
588,noise suppression,audio
590,child seats,seats
591,output figures,engine/ power train
592,downhill,road terrain
594,rubber,exterior materials & finish
595,zero petrol use,fuel / energy / charging
596,thirdrow seats,seats
597,two litre turbo size,engine/ power train
598,rear window shades,aerodynamics / airflow
600,exhaust crackle,climate / temperature control
601,charging sockets,fuel / energy / charging
602,performance figures,performance
603,pure electric range,fuel / energy / charging
604,battery management system,model / generic car terms
605,piston calliper,aerodynamics / airflow
606,theme,design
607,arm rest,seats
608,hold feature,driver assistance
609,cooling ducts,aerodynamics / airflow
610,air suspension comfy setting,Comfort & Ergonomics
611,power seats,seats
612,wooden wheel arches,wheels & tyres
613,dry road,road terrain
614,mix and match settings,model / generic car terms
615,cell phone spot,connectivity / integration
616,magic sky roof,roof
618,massaging function,seats
619,satellite navigation system,navigation / mapping
620,practicality,Comfort & Ergonomics
621,rear peasant blocker,visibility & view
623,rear passenger,passenger space
624,wheels,wheels & tyres
625,cruising around,driver assistance
626,audi rs,model / generic car terms
627,air scarf,aerodynamics / airflow
628,slow road,model / generic car terms
629,digital dash,displays / instrumentation
630,charging points,fuel / energy / charging
631,wind whistles,audio
632,sports car,model / generic car terms
633,carbon footprint,model / generic car terms
634,rear windows,aerodynamics / airflow
635,x drive system,drive
636,mercedes s class coupe a8,model / generic car terms
638,power release,engine/ power train
639,bmw backseat,model / generic car terms
640,dynamism,Driving Dynamics / Handling
641,remote driving,drive
643,two litre engine,engine / power train
644,saloon s5 headroom,model / generic car terms
645,drivability,Driving Dynamics / Handling
646,view from back,climate / temperature control
647,sport driving,drive
648,coupe,body type
649,seat,seats
650,car engineering,engine / power train
652,footstool,seats
653,packaging,climate / temperature control
654,manual mode transmission,transmission
655,gear stuff,transmission
656,shock absorbers,brake
657,load,boot/cargo
658,bmw s4,model / generic car terms
659,phone box,boot/cargo
661,carbon ceramic discs,brake
662,technology pack,climate / temperature control
663,stereo,audio
664,second row legroom,passenger space
665,reversing camera,driver assistance
667,rear headroom,passenger space
668,dual clutch,transmission
669,corner handle,cornering
670,automatic emergency breaking,brake
671,experience in town (drive),drive
672,dirt,road terrain
673,headroom backseat,climate / temperature control
674,alloys,wheels & tyres
675,design quality,design
677,cold weather,road terrain
678,interior sophistication,interior
679,rs6 color,model / generic car terms
681,door,doors
682,pine white,exterior materials & finish
683,rs6 everyday performance,model / generic car terms
684,exhaust noise (dynamic mode),exhaust
685,cabin layout,interior
686,straight line,road terrain
687,roof up and down,roof
688,sharp bumps,road terrain
689,views,visibility & view
690,body control,body class
691,torque vectoring,engine/ power train
692,glovebox size,boot/cargo
694,back door bins,climate / temperature control
695,comfy setting,Comfort & Ergonomics
696,maneuvaribility,steering
697,safety technology,safety
699,climate control location,climate / temperature control
700,steering (sports mode),steering
701,body roll,body class
702,parcel shelf,storage & utility
703,base x1,model / generic car terms
704,a one,model / generic car terms
705,in the car,model / generic car terms
706,outside wheels,wheels & tyres
707,top down,roof
708,normal mode sound,audio
709,extend front part seat,seats
710,profile,design
713,speed limiter,acceleration
714,storage cover,storage & utility
715,lift gate,boot/cargo
716,acoustics,climate / temperature control
717,smooth road,road terrain
718,storage by steering,steering
720,quadrille wheel drive,drive
721,shape,design
722,side finish,interior materials & trim / finish
723,0 to 60 acceleration,climate / temperature control
724,mode,Driving Dynamics / Handling
725,load height,boot/cargo
726,comfort package,Comfort & Ergonomics
727,launch time,acceleration
728,entertainment system view,visibility & view
729,right on the road,road terrain
730,passenger space,climate / temperature control
731,gt three wet road,model / generic car terms
733,roofline,roof
734,steering response,steering
736,audi tt,model / generic car terms
737,usability,Comfort & Ergonomics
738,audi x3,model / generic car terms
739,shortcut buttons,model / generic car terms
740,stick shift,transmission
741,build quality,build quality / construction
742,media centre,displays / instrumentation
743,sports plus exhaust,exhaust
744,back pillar,climate / temperature control
746,mercedes-benz design,model / generic car terms
747,warranty,value / cost
748,sitting position,model / generic car terms
750,backend capacity,climate / temperature control
751,powertrain,engine/ power train
752,q a8,model / generic car terms
753,rear pillars,visibility & view
754,roof spoiler,fuel / energy / charging
756,charge,fuel / energy / charging
757,auto emergency braking,brake
758,entertainment system,software / interaction
759,gearbox mannual mode,transmission
760,profiles,software / interaction
761,tracks drive,drive
762,rear view,visibility & view
763,wing mirrors,mirrors
764,head restraints,seats
765,all controls,physical controls
766,car,model / generic car terms
767,balance point,traction / stability
768,room inside,interior
769,precision,Driving Dynamics / Handling
771,control over driving,drive
772,automated tailgate,boot/cargo
773,central seat,seats
774,cargo area,boot/cargo
775,traction control system,climate / temperature control
776,throttle response,model / generic car terms
777,driving,drive
780,premium plus package,climate / temperature control
781,magic vision control,driver assistance
782,v 10 plus,model / generic car terms
783,covering,exterior materials & finish
784,newest s class price,model / generic car terms
785,petrol engine,engine / power train
786,mapping,navigation / mapping
787,gt-r,model / generic car terms
788,mercedes-benz system,model / generic car terms
789,normal screen,displays / instrumentation
790,augmented reality satellite navigation system,navigation / mapping
791,springs,suspension
792,two litre diesel engine,engine / power train
793,third row,passenger space
794,structural rigidity,chassis / structural
795,value for money,value / cost
796,head room,passenger space
797,dump control,suspension
799,quattro ultra system,model / generic car terms
800,bmw,model / generic car terms
801,x5,model / generic car terms
802,smaller people,passenger space
803,accelerating in comfort mode,Comfort & Ergonomics
804,review,visibility & view
806,grips in the corners,traction / stability
807,base engine,engine / power train
808,stronic transmission,transmission
810,q7,model / generic car terms
811,getting stuff in and out,model / generic car terms
812,air breather,aerodynamics / airflow
814,battery pack,model / generic car terms
815,finish,interior materials & trim / finish
816,soundproofing,roof
817,estate,body type
818,dashes,displays / instrumentation
819,dynamic cruise control,driver assistance
820,air events,aerodynamics / airflow
821,torque redirection,engine/ power train
822,heavy items,boot/cargo
823,steering guidance,steering
824,reading lights,lighting
825,mid corner,cornering
826,s three price,road terrain
827,50 d engine,engine / power train
828,voice recognition,road terrain
830,foot wells,passenger space
831,petrol consumption,fuel / energy / charging
832,back light bar,climate / temperature control
833,under floor storage,storage & utility
834,quattro drive,model / generic car terms
835,tyres,wheels & tyres
836,plastics,exterior materials & finish
837,ico mode,fuel / energy / charging
839,back get in,climate / temperature control
840,automatic engine shutoff,engine / power train
841,parkability,parking
842,information display,displays / instrumentation
843,off roading,road terrain
844,twist road,road terrain
845,little fasting,model / generic car terms
847,horsepower,engine/ power train
848,assisst,driver assistance
850,trunk capacity,climate / temperature control
852,trim without extra bits,interior materials & trim / finish
853,widescreen setting,model / generic car terms
854,most plastics,exterior materials & finish
855,performers,performance
856,review of car,visibility & view
857,go to 50,acceleration
859,long distance,design
861,dead paddle,physical controls
862,delivery,value / cost
863,windscreen signature,windscreen / wipers
864,ride,drive
865,carrying three people in back,climate / temperature control
866,upgraded satellite system,navigation / mapping
867,automatic engines start stop system,engine / power train
868,aerodynamics,Driving Dynamics / Handling
869,adjustments,Comfort & Ergonomics
870,turbulence,aerodynamics / airflow
872,gear change,transmission
873,cruise,driver assistance
874,door plastics,doors
875,storage nooks,storage & utility
876,fender flares,wheels & tyres
877,rs5,model / generic car terms
878,back headroom,climate / temperature control
879,high speeds,acceleration
880,steers,steering
881,adult occupant protection in the crash test .,safety
883,noise,audio
884,stop,brake
885,upgraded screen,displays / instrumentation
887,satnav system,navigation / mapping
888,accelerating,climate / temperature control
889,steering wheel,steering
891,mud,road terrain
892,front doors,doors
893,winding mountain roads,road terrain
894,steering wheel controls,steering
896,exterior color,exterior materials & finish
897,side pillars,visibility & view
898,seat buttons,model / generic car terms
899,false floor storage,storage & utility
902,x drive,drive
904,rear view mirror,visibility & view
905,dynamic mode air suspension,suspension
907,new look,design
908,carrying larger items,boot/cargo
909,engine range,engine / power train
910,slope,model / generic car terms
911,climate controls,climate / temperature control
912,weight,weight
913,piloted drive system,drive
914,climate control buttons,model / generic car terms
915,widescreen,displays / instrumentation
916,3 50 d price,road terrain
917,sub menus,software / interaction
918,tight spaces,climate / temperature control
919,reliability,value / cost
920,x1,model / generic car terms
922,remote gesture control,gesture / motion controls
923,screen,displays / instrumentation
924,tire noise,audio
925,auto-breaking,brake
926,carsick people,model / generic car terms
927,leather,interior materials & trim / finish
928,drive in narrow streets,drive
929,back camera,climate / temperature control
930,gearboxes,transmission
931,electric motor,engine/ power train
933,store,storage & utility
934,command system,voice & commands
935,offer,value / cost
936,headrest,seats
937,front motor setup,engine/ power train
938,hook,Comfort & Ergonomics
939,front brakes,brake
940,front seating,seats
941,steerring wheel,steering
942,s5 sport back torque,model / generic car terms
943,bumpy road,road terrain
944,aerodynamic,aerodynamics / airflow
945,bmw i a8,model / generic car terms
946,door mirrors,mirrors
947,uphill drive,drive
948,sport mode suspension,suspension
949,spokes,wheels & tyres
950,extinct traction,climate / temperature control
951,fit and finish,interior materials & trim / finish
952,center screen,displays / instrumentation
953,engine auto cut off,engine / power train
954,bumpers,road terrain
955,analog dials,displays / instrumentation
956,rear lights,lighting
957,accelerates,climate / temperature control
958,roar,audio
959,cruising ability,driver assistance
960,bmw i three,model / generic car terms
961,winding roads,road terrain
962,bmw three series new,model / generic car terms
963,speaker sound system,audio
964,packs,climate / temperature control
965,side vents,aerodynamics / airflow
966,wheelbase,chassis / structural
967,distance driving,drive
968,g l a4,model / generic car terms
969,interior quality,interior
970,accelerations,climate / temperature control
971,roof line,roof
972,laser beam headlights,lighting
973,emergency assist,safety
974,sides,body class
975,carbon emission,model / generic car terms
977,engine choices,engine / power train
978,pulling power,engine/ power train
979,gt three dry road,model / generic car terms
980,low speed manoeuvres,acceleration
981,new three series,model / generic car terms
982,prowess,performance
983,headlights,lighting
984,reversing with assistant,driver assistance
985,a4 ultra,model / generic car terms
986,glass elements,windows / glass
987,car interaction,climate / temperature control
988,engine noise,engine / power train
990,window surround,aerodynamics / airflow
992,trunk size,boot/cargo
994,cutaways for covers,exterior materials & finish
995,digital drivers display,drive
996,false floor,boot/cargo
997,piano black trim,climate / temperature control
998,trunks,boot/cargo
999,new engine,engine / power train
1000,e 43 a m g,model / generic car terms
1001,safety features,safety
1003,designed,design
1004,s line indicators,displays / instrumentation
1005,laser headlights,lighting
1006,ceramic brakes,brake
1007,unload,boot/cargo
1009,turning radius,cornering
1010,carbon ceramics,model / generic car terms
1011,chairs,seats
1012,front suspension,suspension
1013,m5 designation within tachometer,model / generic car terms
1015,spaces,climate / temperature control
1016,interface,climate / temperature control
1017,curves,body class
1018,turbo lag,engine/ power train
1019,seating tunnel,seats
1020,fuel efficient,fuel / energy / charging
1021,offroad grip,traction / stability
1023,people over six foot,passenger space
1024,dials,displays / instrumentation
1025,steering at speed,steering
1026,1.5 l engine,engine / power train
1027,moon roof shade,roof
1028,quattro system petrol,model / generic car terms
1029,storage tray,storage & utility
1030,mercedes glc,model / generic car terms
1031,tail lights,lighting
1032,motorways,engine/ power train
1033,back style,climate / temperature control
1035,metal area,exterior materials & finish
1037,child seat base,seats
1038,front engine,engine / power train
1039,gauge display,displays / instrumentation
1040,engine automatic switch off,engine / power train
1041,seat up,seats
1042,a5 seats,model / generic car terms
1043,beeping,audio
1044,backpacks,climate / temperature control
1045,accelerate,climate / temperature control
1046,wheel designs,wheels & tyres
1047,handling limit,Driving Dynamics / Handling
1048,headroom (people over six foot),passenger space
1049,set buttons,model / generic car terms
1050,weight loss,weight
1051,mercedes-benz gcl,model / generic car terms
1052,get in back,climate / temperature control
1053,boot spoiler,fuel / energy / charging
1054,steer,steering
1055,quattro software,model / generic car terms
1056,engineered,engine / power train
1059,fake sound,audio
1060,junctions in efficiency mode,fuel / energy / charging
1061,volvo xc60 room,model / generic car terms
1062,release button for center console,model / generic car terms
1063,sport mode shift,transmission
1064,soft pillow,seats
1066,tire pressure monitoring,wheels & tyres
1067,engine output,engine / power train
1068,price tag,road terrain
1069,glove box latch,boot/cargo
1070,vents,aerodynamics / airflow
1072,sport back,climate / temperature control
1073,bmw x1,model / generic car terms
1074,exhaust systems,exhaust
1075,bonnet opening,doors
1078,patterns,model / generic car terms
1079,compartmentalize stuff,storage & utility
1080,automatic gear,transmission
1081,high load floor,boot/cargo
1083,model,model / generic car terms
1084,braking,brake
1085,iceberg covers,road terrain
1086,lower speed,acceleration
1087,middle chair,aerodynamics / airflow
1088,seat shape,seats
1089,view changes,visibility & view
1091,warning sound,audio
1093,diesel engines,engine / power train
1094,cruise control,driver assistance
1096,selector,physical controls
1097,comfort level,Comfort & Ergonomics
1098,seats,seats
1099,throttle (sport),model / generic car terms
1100,boot space,climate / temperature control
1101,cameras,cameras
1102,gauge setup,displays / instrumentation
1103,e class,model / generic car terms
1104,comforts,Comfort & Ergonomics
1105,offroadinfg,road terrain
1106,quattro,model / generic car terms
1108,driving system,drive
1109,metal roof,roof
1110,bump,road terrain
1111,pulls,acceleration
1113,1.6 litre petrol engine,engine / power train
1114,cabriole price entry point,doors
1115,panels,body class
1116,seating,seats
1118,interior leather,interior
1119,magic sky control,roof
1120,air density,seats
1121,turns in,cornering
1122,windows down,aerodynamics / airflow
1123,key less entry,doors
1124,acceleration noise,climate / temperature control
1125,sporty suspension,suspension
1126,view forward,visibility & view
1127,shift changes,transmission
1128,wheel options,software / interaction
1129,whole package,climate / temperature control
1130,gesture controls,gesture / motion controls
1131,roof down,roof
1132,front practicality,Comfort & Ergonomics
1133,stance,design
1135,feedback,climate / temperature control
1136,exhaust sound,exhaust
1137,upgraded command system screen,displays / instrumentation
1138,door trim,interior materials & trim / finish
1139,interface operation,climate / temperature control
1140,gear selection,transmission
1141,speaker,audio
1144,noises,audio
1145,putting gear,model / generic car terms
1147,cutout design,design
1149,starting price,road terrain
1150,steering feel,steering
1151,prestige trim level,interior materials & trim / finish
1152,x drive system,drive
1153,backseats,climate / temperature control
1154,wood ledge,lighting
1155,blowers,climate / temperature control
1156,boot shape,boot/cargo
1157,automatic mode,Driving Dynamics / Handling
1158,stop start system,brake
1162,roof,roof
1163,well being spoiled recreation thing,fuel / energy / charging
1164,sport pack,climate / temperature control
1165,corner acceleration,climate / temperature control
1166,a3 gravitas,model / generic car terms
1167,twin turbo petrol,engine/ power train
1168,agility,Driving Dynamics / Handling
1169,spoiler button,fuel / energy / charging
1170,price point,road terrain
1172,technology pack cost,climate / temperature control
1173,display,displays / instrumentation
1174,material selection,physical controls
1175,amber lighting,lighting
1177,phone cradle,connectivity / integration
1178,on road,road terrain
1180,right hand drive steering,steering
1181,braking field,brake
1182,engine note,engine / power train
1183,architecture platform,chassis / structural
1184,rough terrain,road terrain
1185,digital gauge cluster,displays / instrumentation
1186,bmw six series gt,model / generic car terms
1187,nap screen,displays / instrumentation
1188,rev limit,engine/ power train
1189,digital climate control,climate / temperature control
1190,sun roof,roof
1191,performance power,engine/ power train
1192,character,climate / temperature control
1193,exterior,exterior materials & finish
1194,mmi interface,climate / temperature control
1195,soft touch plastics,interior materials & trim / finish
1196,models,model / generic car terms
1197,under the car,model / generic car terms
1198,diesel engine,engine / power train
1199,seven speed gear box,transmission
1200,swivel controller,physical controls
1202,paint,exterior materials & finish
1204,engineering,engine / power train
1205,apple carplay price,connectivity / integration
1207,front wheel drive version,drive
1208,foot down (acceleration),climate / temperature control
1209,height from ground,dimensions & measurements
1210,dash,displays / instrumentation
1211,steering wheel mounted controls,steering
1212,carrying large items,model / generic car terms
1213,charging panel,fuel / energy / charging
1214,compartment,storage & utility
1215,panoramic sunroof,roof
1216,a8 series,model / generic car terms
1217,rear doors,doors
1218,two in the back,climate / temperature control
1219,right hand drive steering wheel,steering
1220,eco pro,fuel / energy / charging
1221,gated shifter,transmission
1223,digital gauge,displays / instrumentation
1224,manual gearbox,transmission
1225,twin turbo petrol torque,engine/ power train
1226,someone over six foot,passenger space
1227,petrol tank,fuel / energy / charging
1228,cabriole,body type
1230,2.1 litre diesel engine,engine / power train
1231,seven series,model / generic car terms
1232,map lights,lighting
1233,parking assist,driver assistance
1234,audi q3,model / generic car terms
1237,e brake,brake
1239,glove box space,climate / temperature control
1240,a8 reversing,model / generic car terms
1241,quattro system,model / generic car terms
1243,interior color choices,interior
1244,purchase,value / cost
1245,get snow off the car,road terrain
1246,seating flexibility,seats
1248,tire change pot,wheels & tyres
1250,sailing mode,Driving Dynamics / Handling
1251,cylinder,engine/ power train
1252,v8 engine,engine / power train
1253,power train,engine/ power train
1254,loading heavy cargo,boot/cargo
1255,value,value / cost
1256,apple carplay,connectivity / integration
1257,damper suspension,suspension
1258,bonnet,bonnet
1259,rear balance,traction / stability
1260,porsche 911,model / generic car terms
1261,couch,seats
1262,corner handlig,cornering
1263,interior color,interior
1264,a4 g5 steering,steering
1265,navigating menus,software / interaction
1266,interiors,interior
1267,striping,design
1268,c pillar,visibility & view
1269,cell,connectivity / integration
1270,petrol charging,fuel / energy / charging
1271,c e400,model / generic car terms
1272,offroad height raise,road terrain
1273,door design,doors
1275,boot floor,boot/cargo
1276,vita engine,engine / power train
1277,interior light pattern,model / generic car terms
1278,suspension spring,suspension
1279,grab handle,Comfort & Ergonomics
1280,indicator lights,lighting
1281,auto gearbox,transmission
1282,wheel arches,wheels & tyres
1283,air breathers,aerodynamics / airflow
1284,suspension settings,model / generic car terms
1286,change mode controls,Driving Dynamics / Handling
1287,button placement,model / generic car terms
1288,internet connectivity package,climate / temperature control
1289,rear diffuser,aerodynamics / airflow
1290,car racing technology increments,climate / temperature control
1291,front end look,design
1292,lifting things,boot/cargo
1293,exhaust volume,exhaust
1294,speeding,acceleration
1295,stereo volume control,audio
1296,digital controls,displays / instrumentation
1297,infotainment platform,software / interaction
1298,adjustability,traction / stability
1299,foot down,acceleration
1300,dash design,displays / instrumentation
1301,off ramp,road terrain
1303,back space,climate / temperature control
1304,transmission tunnel,transmission
1306,climate control,climate / temperature control
1307,woods,road terrain
1308,seat pulling back,climate / temperature control
1309,hood latches,bonnet
1310,carpet,model / generic car terms
1311,money,value / cost
1312,bmw i a8 price,model / generic car terms
1313,diesel,fuel / energy / charging
1315,model x,model / generic car terms
1316,footspace,climate / temperature control
1318,dirt road,road terrain
1319,servicing plan,value / cost
1320,parking,parking
1321,black box on white red,climate / temperature control
1322,normal suspension,suspension
1323,digital space,climate / temperature control
1324,competition pack,climate / temperature control
1325,massage,Comfort & Ergonomics
1326,roll bars,traction / stability
1327,extendable seat base,seats
1329,parcel shelf,storage & utility
1330,over six foot,passenger space
1331,surround cameras,cameras
1332,s class,model / generic car terms
1333,coat hook,Comfort & Ergonomics
1334,material quality,interior materials & trim / finish
1335,seat adjustment,Comfort & Ergonomics
1336,real wood,interior materials & trim / finish
1337,panel gaps,build quality / construction
1338,usb on 12v socket,connectivity / integration
1341,new q3,model / generic car terms
1342,shoulder room,passenger space
1343,anti friction turbo bearings,engine / power train
1344,sightlines,visibility & view
1345,find the right gear,transmission
1346,launch control process,acceleration
1347,powerful,engine/ power train
1348,tied down points,boot/cargo
1350,sport suspension mode,suspension
1351,front climbing and back,climate / temperature control
1352,third row leg room,passenger space
1353,guages,displays / instrumentation
1355,tech display,displays / instrumentation
1356,safety kit,safety
1357,life in tires,wheels & tyres
1359,three action,climate / temperature control
1360,boot useful features,boot/cargo
1361,ledge,lighting
1362,corner dynamic mode,cornering
1363,folders on the backs of the chairs,climate / temperature control
1364,parking system,parking
1365,audi a4,model / generic car terms
1366,outside dimensions,body class
1367,rear window,aerodynamics / airflow
1369,back view,climate / temperature control
1370,gearbox response,transmission
1371,tray,storage & utility
1372,infotaintment system,software / interaction
1373,bmw x5,model / generic car terms
1374,driving experience,drive
1375,power allocation,engine/ power train
1376,normal driving speed,drive
1377,trim (inside),interior
1379,gt price,model / generic car terms
1380,revs,engine/ power train
1382,tire looks,wheels & tyres
1383,g wagon,model / generic car terms
1384,backseat legroom,climate / temperature control
1385,sunroof,roof
1386,speed dialog system,acceleration
1387,s60 time,model / generic car terms
1388,driving in tow,drive
1389,boot overall capacity,climate / temperature control
1390,portal pini k gearbox,transmission
1391,cushioning,seats
1392,a3 looks,model / generic car terms
1393,mercedes c 63 or a bmw m3,model / generic car terms
1394,leg room second row,passenger space
1395,fuel filler,fuel / energy / charging
1396,curvy road,road terrain
1397,get out,doors
1398,climate control dials,climate / temperature control
1399,500e,model / generic car terms
1400,finishes,interior materials & trim / finish
1401,electric assistant,driver assistance
1402,sports suspension,suspension
1403,air,aerodynamics / airflow
1404,dials and buttons,model / generic car terms
1405,sport mode steering,steering
1406,package,climate / temperature control
1407,spend extra on adaptive suspension,suspension
1408,s90,model / generic car terms
1409,frame,build quality / construction
1410,dr selector,physical controls
1411,performance exhaust,exhaust
1412,rear suspension,suspension
1413,satnav screen,displays / instrumentation
1414,seatbelt straps,seats
1416,tire holding,wheels & tyres
1418,ico pro mode,fuel / energy / charging
1419,climate controls action,climate / temperature control
1420,car settings,model / generic car terms
1421,manual mode drive,drive
1422,camera special effects,cameras
1423,paddle shifters,transmission
1424,left hand drive steering wheel,steering
1425,i drive,drive
1426,sloping roof,model / generic car terms
1427,room width wise,passenger space
1429,boot lid,boot/cargo
1430,aero bits,aerodynamics / airflow
1431,a3 series,model / generic car terms
1432,side mirrors,mirrors
1433,body style,body class
1434,audi x1,model / generic car terms
1435,q3,model / generic car terms
1437,8 siris,voice & commands
1438,exhaust pipe,exhaust
1439,rear seating,seats
1440,steering wheel button,steering
1441,central arm rest,seats
1442,overall picture,model / generic car terms
1443,standard screen,displays / instrumentation
1445,led lighting,lighting
1447,rear apron,boot/cargo
1448,adaptive steering,steering
1449,downhill speed regulation,acceleration
1450,eco pro mode,fuel / energy / charging
1451,driver involvement,drive
1452,voice grins,road terrain
1453,m6,model / generic car terms
1454,get in and out,doors
1455,ambient lighting package,climate / temperature control
1456,upward visibility,visibility & view
1457,gauges,displays / instrumentation
1459,mpg sports mode,Driving Dynamics / Handling
1460,graphics chip,displays / instrumentation
1461,durability,value / cost
1462,boot door,boot/cargo
1463,wood veneer,interior materials & trim / finish
1464,back shape,climate / temperature control
1465,netting,model / generic car terms
1466,adults in back,climate / temperature control
1467,bmw remote control parking,model / generic car terms
1468,door locks,doors
1469,sidewall,body class
1470,back comfort,Comfort & Ergonomics
1471,shelf,storage & utility
1472,navigation control,navigation / mapping
1473,towing capacity,climate / temperature control
1474,apple carplay,connectivity / integration
1475,upgrade premium plus package,climate / temperature control
1476,storage underneath,storage & utility
1477,main entertatinment screen,displays / instrumentation
1478,steering adjustment,Comfort & Ergonomics
1479,sports mode gearbox,transmission
1480,dashboard,displays / instrumentation
1481,exhaust flaps,exhaust
1482,volume control,audio
1483,driving in town,drive
1484,satellite navigation,navigation / mapping
1485,glove box size,boot/cargo
1488,slip differential,traction / stability
1489,interior ambience,interior
1490,passenger seat,seats
1491,standard entertainment screen,displays / instrumentation
1492,steering rod,steering
1493,acceleration from stop,climate / temperature control
1495,boosting,engine / power train
1496,power recovery,engine/ power train
1497,serious offroad,road terrain
1499,charges,fuel / energy / charging
1500,seat,seats
1501,buttons,model / generic car terms
1502,speed transmission shifts,transmission
1503,practical,Comfort & Ergonomics
1504,support adjustments,Comfort & Ergonomics
1506,see,visibility & view
1507,driving modes,drive
1509,i drive,drive
1510,speed on,acceleration
1511,window,aerodynamics / airflow
1512,overall seating position,seats
1513,e400 twin turbo v six power,engine/ power train
1514,optional led 19 system,lighting
1515,bmw technology,model / generic car terms
1516,storage(front passenger seat),storage & utility
1517,inside looks,interior
1518,kneeroom,passenger space
1519,transition,seats
1520,air intakes,aerodynamics / airflow
1521,turbo power,engine/ power train
1522,gear shift,transmission
1523,engine mounts,engine / power train
1524,materials,interior materials & trim / finish
1525,power buildup,build quality / construction
1527,roadworks,road terrain
1529,corner,cornering
1530,safe,safety
1531,mercedes,model / generic car terms
1532,steering (sports),steering
1533,offroad pack,climate / temperature control
1534,off switch,physical controls
1535,electric car,fuel / energy / charging
1536,android auto,connectivity / integration
1537,storage bits,storage & utility
1538,three litre diesel engine,engine / power train
1539,manoeuvring speeds,steering
1540,load lift,boot/cargo
1541,0 to 60,acceleration
1542,airflow,aerodynamics / airflow
1543,getting rid of v10,model / generic car terms
1544,m 8 50 i the 4.4 litre twin turbo v8,engine/ power train
1545,four wheel drive traction,drive
1546,diesel with four turbos,engine/ power train
1547,cushions,seats
1548,bmw a5,model / generic car terms
1549,color tone,design
1550,bowers and wilkins diamond surround sound system,audio
1551,blind spots,safety
1553,interior noise,interior
1554,potholes,road terrain
1555,parking assistant plus,driver assistance
1557,bumps,road terrain
1559,handling appeal,Driving Dynamics / Handling
1560,infotaintment system knob,physical controls
1561,side profile,body class
1562,brakes,brake
1563,steering (dynamic mode),steering
1564,apple carplay,connectivity / integration
1565,traffic updates,navigation / mapping
1568,storage pack,storage & utility
1569,hood,bonnet
1570,memory settings,model / generic car terms
1571,outward visibility,visibility & view
1574,upgraded command system definition,software / interaction
1575,reclining,seats
1576,220 c d engine,engine / power train
1577,v six,engine/ power train
1578,no lower lip,aerodynamics / airflow
1579,bolsters,seats
1580,back door,climate / temperature control
1581,amg a4 g5,model / generic car terms
1582,sifting through menus,software / interaction
1583,autonomous driving,drive
1584,parking brake,brake
1585,corner handling,Driving Dynamics / Handling
1586,downshift,transmission
1588,front space,climate / temperature control
1589,a4,model / generic car terms
1590,pillars,visibility & view
1591,backseat functions,climate / temperature control
1592,autonomous driving system,drive
1593,front cabin,interior
1594,camber,road terrain
1595,top end,acceleration
1596,standing quarter,acceleration
1597,steering controls,steering
1598,stitched button,model / generic car terms
1599,obstacles,climate / temperature control
1600,under storage,storage & utility
1601,positioning of steering wheel,steering
1602,road noise,audio
1603,bmw air intake,model / generic car terms
1604,grip level,traction / stability
1606,four cylinder engine,engine / power train
1608,shopping basket,boot/cargo
1609,sports package,climate / temperature control
1610,wifi speed,connectivity / integration
1611,centre of gravity,weight
1612,automatic gearbox,transmission
1614,marina leather,interior materials & trim / finish
1615,engine response,engine / power train
1617,center seats,seats
1618,vision,visibility & view
1619,foot well,passenger space
1620,split gate,boot/cargo
1621,head rest not put up,seats
1622,ownership proposition,seats
1624,x1 x drive 28,model / generic car terms
1625,hybrid system,fuel / energy / charging
1626,turning volume with index finger,cornering
1627,command online system,voice & commands
1629,back seat elongated bracket,climate / temperature control
1630,magic sky feature,roof
1631,four people,passenger space
1632,individual mode,Driving Dynamics / Handling
1633,rear seat combination,seats
1634,engine turn off,engine / power train
1636,graphics screen,displays / instrumentation
1637,seat folding,seats
1638,middle setting,model / generic car terms
1639,child seat,seats
1640,signature on every windscreen,windscreen / wipers
1642,sls,model / generic car terms
1643,deductive suspension,suspension
1644,usablility,Comfort & Ergonomics
1645,talking price,road terrain
1646,switches,physical controls
1649,hard corners,cornering
1650,new m3,model / generic car terms
1651,ipad stall screen,displays / instrumentation
1652,top speed,acceleration
1653,quilted leather,interior materials & trim / finish
1654,track driving,climate / temperature control
1655,creases,body class
1656,badges,design
1657,surfacing treatment,climate / temperature control
1658,sedan,body type
1659,colors,design
1662,back features,climate / temperature control
1664,quilting,interior materials & trim / finish
1665,trim pieces,interior materials & trim / finish
1667,intakes,aerodynamics / airflow
1669,bumps dynamic mode,road terrain
1670,battery,model / generic car terms
1671,economics,value / cost
1673,optional backup camera,climate / temperature control
1674,most laid back position,climate / temperature control
1675,porsche gearbox,transmission
1676,front door,doors
1677,speakers,audio
1678,suspension tuning,suspension
1679,lighting colors,lighting
1680,aluminium finish,interior materials & trim / finish
1681,back trim,climate / temperature control
1683,carriage pull,model / generic car terms
1685,automatic transmission,transmission
1686,button,model / generic car terms
1687,s4,model / generic car terms
1688,launch control,acceleration
1689,city drive,drive
1690,carrying rear passengers,passenger space
1691,s line suspension,suspension
1693,firmness,suspension
1694,extended cargo area,boot/cargo
1695,rear seat control,seats
1696,bmw launch control,model / generic car terms
1697,electricity usage,fuel / energy / charging
1698,laser light headlights,lighting
1700,hubs,wheels & tyres
1701,back legroom,climate / temperature control
1702,voice commands,voice & commands
1703,shift,transmission
1704,carbon fibre engine cover,engine / power train
1705,view of the vehicle,visibility & view
1706,fuel tank,fuel / energy / charging
1707,rear visibility,visibility & view
1708,emergency service,road terrain
1709,sport seats,seats
1710,door bins,storage & utility
1712,back seat space,climate / temperature control
1713,deals,value / cost
1715,drive itself,drive
1718,ac,climate / temperature control
1719,rear trunk,boot/cargo
1720,ride quality,drive
1721,old v8 engine,engine / power train
1722,deceleration,brake
1723,big boy twin turbo,engine/ power train
1724,bigger bumps,road terrain
1725,softer suspension,suspension
1726,storage cubbies,storage & utility
1727,rear headrooms,passenger space
1728,new rs6 300d gt-r,model / generic car terms
1729,stopping power,engine/ power train
1730,oil,fuel / energy / charging
1731,six cylinder car,engine/ power train
1732,overall quality,model / generic car terms
1733,offroading traction control,climate / temperature control
1735,cost steering,steering
1736,corner braking,brake
1737,learn to drive,drive
1738,review mirror,visibility & view
1739,launch control system,acceleration
1740,a3 platform,model / generic car terms
1741,air intake,aerodynamics / airflow
1742,power surge,engine/ power train
1743,product,model / generic car terms
1744,country roads,road terrain
1746,google earth,navigation / mapping
1747,underfloor storage area,storage & utility
1748,lettering feature,model / generic car terms
1749,three in the back,climate / temperature control
1750,mercedes-benz c . l . a,model / generic car terms
1753,c 220,model / generic car terms
1754,metallic flack,climate / temperature control
1755,backseat head room,climate / temperature control
1756,metallic speakers,audio
1757,discount,brake
1758,ventilated seat option,seats
1759,0 to 60 run,acceleration
1760,trim (outside),interior materials & trim / finish
1761,bolsters on steering,steering
1762,speed shift transmission,transmission
1763,agility switch,Driving Dynamics / Handling
1764,rear following front,Driving Dynamics / Handling
1765,magic sky control,roof
1766,smaller bumps,road terrain
1767,glc,model / generic car terms
1768,camera system,cameras
1770,surround view cameras,visibility & view
1771,propulsion,engine/ power train
1772,rear seat headroom,seats
1773,rear row seat,seats
1774,dash angle,displays / instrumentation
1776,new audi rs three,model / generic car terms
1777,cabin,interior
1778,window surrounds,aerodynamics / airflow
1779,audi a one,model / generic car terms
1780,luxury seating package,climate / temperature control
1781,comfort suspension,Comfort & Ergonomics
1782,rear passenger door bins,passenger space
1784,vehicle everything else,model / generic car terms
1785,offroading,road terrain
1786,finishing,interior materials & trim / finish
1787,audio inputs,model / generic car terms
1788,style,design
1790,glove box,boot/cargo
1791,over six foot people,passenger space
1792,acoustic glass,climate / temperature control
1793,bmw 6 50,model / generic car terms
1794,interior upgrades,interior
1795,camera angle,cameras
1796,bmw x3,model / generic car terms
1798,drivers,drive
1799,first generation drive,drive
1800,engine stop start feature,engine / power train
1801,leather,interior materials & trim / finish
1802,base car,model / generic car terms
1803,driver assisstance technology,drive
1804,front door bins,storage & utility
1805,drives,drive
1806,shapes around instrument,design
1807,manual paddles,transmission
1810,one plastic,exterior materials & finish
1811,three passengers,passenger space
1812,bench,seats
1813,cabins,interior
1814,exhaust note,exhaust
1815,sl s amg,model / generic car terms
1816,grill,grill
1817,sound insulation,audio
1820,engine,engine / power train
1821,digital instruments,displays / instrumentation
1822,carrying three,model / generic car terms
1823,touch pad swivel world system,software / interaction
1824,headlights,lighting
1825,support under legs,seats
1826,control interface,climate / temperature control
1827,audi rs4,model / generic car terms
1829,current design,design
1830,overall length,model / generic car terms
1831,green screen,displays / instrumentation
1832,petrol usage,fuel / energy / charging
1833,interior loom,interior
1834,gearshift,transmission
1835,load area,boot/cargo
1836,s8,model / generic car terms
1837,a6 500e f40,model / generic car terms
1838,shopping bag hookers,Comfort & Ergonomics
1839,big bulky child safe,safety
1840,back seats down,climate / temperature control
1841,x3 suspension,suspension
1842,race track,climate / temperature control
1843,seats dropping,seats
1844,air conditioning,aerodynamics / airflow
1845,door open,doors
1846,mercedes-benz e class,model / generic car terms
1847,steering lock,steering
1848,back knee room,climate / temperature control
1851,back piano plastic,climate / temperature control
1852,parking guidance system,driver assistance
1853,road holding,road terrain
1855,tired,wheels & tyres
1857,wagon,body type
1858,device,road terrain
1860,bracing,climate / temperature control
1861,20 inch wheel,wheels & tyres
1862,gear shifter,transmission
1863,trunk,boot/cargo
1864,engine choice,engine / power train
1866,offroad sound,audio
1867,steering wheen adjustment,Comfort & Ergonomics
1868,navigation,navigation / mapping
1869,rear engine,engine / power train
1870,rotary dial,physical controls
1871,corners,cornering
1872,volvo xc60 power,engine/ power train
1873,rear quarter lights,lighting
1874,brake callipers,aerodynamics / airflow
1875,tray tables,storage & utility
1876,three litre v sixty,engine/ power train
1877,rs three,model / generic car terms
1878,super sideways,body class
1879,slabs,model / generic car terms
1880,rear differential,traction / stability
1881,full sports plus mode,Driving Dynamics / Handling
1883,front curves,body class
1884,hybrid model,fuel / energy / charging
1885,mirror,mirrors
1887,corner lamps,cornering
1888,rear leg room,passenger space
1890,overall,model / generic car terms
1891,s5,model / generic car terms
1892,traction management,climate / temperature control
1893,long term reliability,value / cost
1894,voice activation system,climate / temperature control
1895,body kit,body class
1899,fittings,model / generic car terms
1900,steering comfort mode,Comfort & Ergonomics
1902,a7,model / generic car terms
1903,driving tech,drive
1904,performance drivability,Driving Dynamics / Handling
1905,seatbelt,seats
1906,e 63,model / generic car terms
1908,public charges,fuel / energy / charging
1909,wipers,windscreen / wipers
1910,bmw m6,model / generic car terms
1911,aero bits price,aerodynamics / airflow
1913,reversing assistant tech,driver assistance
1914,back,climate / temperature control
1915,i three,model / generic car terms
1916,wide retired,wheels & tyres
1917,cruiser,driver assistance
1918,exhausts,exhaust
1919,windshield,aerodynamics / airflow
1920,high speed motorways,engine/ power train
1921,1.40 s8 engine upgrade,engine / power train
1922,touch pad,software / interaction
1923,rear wheels,drive
1924,headrooms,passenger space
1925,mirrors,mirrors
1926,hot hatch package,climate / temperature control
1927,throb,audio
1928,electronic stability off,traction / stability
1929,lip,aerodynamics / airflow
1930,x interface,climate / temperature control
1931,artificial noise,audio
1932,water jets,windscreen / wipers
1933,driving through central london,drive
1934,sl c300,model / generic car terms
1935,city noise,audio
1936,leather seats,seats
1938,stereo system,audio
1939,optional baskets,storage & utility
1940,wood grain,interior materials & trim / finish
1941,engine notes,engine / power train
1942,manual driving,transmission
1943,drawer,storage & utility
1944,tail lights design,lighting
1945,digital display view change,visibility & view
1947,roundabout,cornering
1948,headlight,lighting
1950,entry level petrol engine,engine / power train
1952,switch between screens,displays / instrumentation
1953,brake,brake
1955,snow and ice,road terrain
1956,stiffness,suspension
1957,blind spot mornitoring,safety
1958,driver seat,drive
1960,speed limit,acceleration
1963,trunk space,climate / temperature control
1964,rear door bins,storage & utility
1966,pumps sound,audio
1968,magnetic ride,drive
1969,glove boxes,boot/cargo
1970,wheel drive,drive
1971,usb,connectivity / integration
1972,load floor,boot/cargo
1973,technology price,software / interaction
1974,interior overall,interior
1975,handling right,Driving Dynamics / Handling
1976,plugin hybrids,fuel / energy / charging
1977,v8 engine,engine / power train
1978,body structure,body class
1979,"bmw 3 40 i , drive",model / generic car terms
1980,few buttons,model / generic car terms
1981,windscreen wipers,windscreen / wipers
1982,electric engine,engine / power train
1983,supportive gas struts,seats
1984,front grill,grill
1985,second row,passenger space
1986,cargo room,boot/cargo
1987,v8 engine,engine / power train
1988,driving assistance package,climate / temperature control
1989,road,road terrain
1991,sports plus suspension,suspension
1992,balance,traction / stability
1993,grip,traction / stability
1994,lighting animations,lighting
1995,traction,climate / temperature control
1996,understeer,steering
1997,materials quality,interior materials & trim / finish
1999,tire rim,wheels & tyres
2000,rock crawling,road terrain
2001,storage areas,storage & utility
2002,blind state monitoring,visibility & view
2003,drive motor,drive
2004,engines,engine / power train
2005,electronic shifter,transmission
2007,rs3,model / generic car terms
2008,roof bars,roof
2009,leg side bolsters,seats
2010,tether points,boot/cargo
2011,cruising,driver assistance
2013,m 7 60,model / generic car terms
2014,indicators,displays / instrumentation
2015,reversing,driver assistance
2016,new q5,model / generic car terms
2017,appearance,design
2018,mercedes-benz accents,model / generic car terms
2019,torque rating,engine/ power train
2020,below body structure,body class
2021,0 to 60 time,acceleration
2022,lighting functions,lighting
2024,cubby space,climate / temperature control
2025,automatic box,boot/cargo
2026,audi a8,model / generic car terms
2027,carbon fibre,exterior materials & finish
2028,audi a3 lineup,model / generic car terms
2030,windshield wipers,aerodynamics / airflow
2031,tire,wheels & tyres
2032,quattro wheel drive,model / generic car terms
2033,two axle air suspension,suspension
2034,gt three bumpy road,model / generic car terms
2035,starting the car,model / generic car terms
2036,bmw 7 60 li,model / generic car terms
2038,concierge service,road terrain
2041,air intake gt-r,model / generic car terms
2042,garment satnav,seats
2043,auto bends,cornering
2044,trim,interior materials & trim / finish
2045,wing mirror,mirrors
2046,normal wheel base version,chassis / structural
2047,green color,design
2048,spacious,climate / temperature control
2050,a3,model / generic car terms
2051,potential performance,performance
2052,lower dash plastic,displays / instrumentation
2053,two litre diesel,fuel / energy / charging
2054,displacement,climate / temperature control
2055,front seat backs,climate / temperature control
2056,brake field,brake
2057,reversing camera definition,driver assistance
2058,tronic gearbox,transmission
2059,lift over height,dimensions & measurements
2060,mercedes sl,model / generic car terms
2062,third row seats,seats
2063,driving environment lay out,drive
2064,entertainment screen,displays / instrumentation
2065,window down,aerodynamics / airflow
2066,top end rush,acceleration
2067,launch,acceleration
2068,fold seats down,seats
2069,tv chair,displays / instrumentation
2071,magnifying glass,visibility & view
2073,engine pulling power,engine / power train
2074,new r8,model / generic car terms
2075,manual mode,transmission
2076,displays,displays / instrumentation
2080,machine,climate / temperature control
2082,safety,safety
2083,design ethos,design
2084,performance advantage,performance
2085,styling appeal,design
2087,steering wheel adjustment,Comfort & Ergonomics
2088,paddle shifter,transmission
2089,audi a5,model / generic car terms
2090,audi,model / generic car terms
2091,exterior design,exterior materials & finish
2092,sharp turn,cornering
2093,headspace,climate / temperature control
2094,rear seat roadster,seats
2096,m3,model / generic car terms
2097,roof panel,roof
2098,gt,model / generic car terms
2100,new sl,model / generic car terms
2101,ride suspension,drive
2102,doors,doors
2103,wheel turn,wheels & tyres
2104,central speaking,voice & commands
2106,whole,model / generic car terms
2107,track,climate / temperature control
2108,bmw drivers,model / generic car terms
2109,speed,acceleration
2110,place,climate / temperature control
2111,elbow room,passenger space
2112,boot liner,boot/cargo
2113,rides,drive
2115,quattro system,model / generic car terms
2116,family car,body type
2117,sun visors,windscreen / wipers
2118,view out,visibility & view
2119,automatic braking,brake
2120,race,climate / temperature control
2121,steering sport,steering
2122,a5,model / generic car terms
2123,corner comfort mode,Comfort & Ergonomics
2124,door handles,doors
2125,space,climate / temperature control
2126,grill,grill
2127,drive mode,drive
2128,diesel version,fuel / energy / charging
2129,gearbox,transmission
2130,downshifts,transmission
2131,hooks,Comfort & Ergonomics
2132,camber dirt road,road terrain
2133,audi g5,model / generic car terms
2134,price point feature,road terrain
2135,back seat,climate / temperature control
2137,gestures,gesture / motion controls
2138,glass elements on gear selector,transmission
2140,digital key,connectivity / integration
2141,middle seat legroom,seats
2142,speeds,acceleration
2143,rev counter,engine/ power train
2144,proposition,seats
2145,pedals,brake
2147,v8 engine drive,engine / power train
2148,climate control knobs,climate / temperature control
2149,interior fit and finish,interior
2150,on track performance,climate / temperature control
2151,bmw,model / generic car terms
2152,audi presence,model / generic car terms
2154,instrument cluster,displays / instrumentation
2155,head rest,seats
2156,center armrest,seats
2157,cabin noise,interior
2158,fold third row,Comfort & Ergonomics
2160,opening bonnet,doors
2161,visibility,visibility & view
2162,upgraded all round air suspension,suspension
2164,front headlights,lighting
2165,wheel arch intrusion,wheels & tyres
2166,engine start button,engine / power train
2167,m6 port,model / generic car terms
2169,doors open,doors
2171,hood vent,aerodynamics / airflow
2172,handling balance,traction / stability
2173,upgraded professional satnav,navigation / mapping
2175,utility,Comfort & Ergonomics
2176,fourth gear,transmission
2177,drive train,drive
2178,cervix fittings,model / generic car terms
2179,gt three operating window,model / generic car terms
2180,construction technique,software / interaction
2182,few pieces of plastic,exterior materials & finish
2183,technologies,software / interaction
2184,window switches,physical controls
2185,driver assistant pack,drive
2186,track days,climate / temperature control
2187,car tire pot,wheels & tyres
2189,seat belts,seats
2190,touring headroom,passenger space
2191,armrest,seats
2193,bmw 360 degree surround camera,model / generic car terms
2194,front wheel,wheels & tyres
2195,dynamic driving mode,drive
2196,all wheel drive,drive
2197,absolutely acres of,climate / temperature control
2198,exteriors,exterior materials & finish
2199,chassis,chassis / structural
2201,load cover,boot/cargo
2202,swerve control,traction / stability
2203,lumbar support,seats
2204,steering mode,steering
2205,driver satisfaction,drive
2206,gap in the back,climate / temperature control
2207,cubby,storage & utility
2208,snow storm,road terrain
2209,adaptive m6 port suspension comfort model,Comfort & Ergonomics
2210,underfloor storage,storage & utility
2211,new battery pack,model / generic car terms
2212,summer tires,wheels & tyres
2213,front seats sound,seats
2214,weight distribution,weight
2215,petrol engine running,engine / power train
2216,electric adjustment (steering),Comfort & Ergonomics
2217,dynamic gearbox shift,transmission
2218,rs5 color,model / generic car terms
2220,remote features,driver assistance
2221,pricier versions,value / cost
2222,tyrell,wheels & tyres
2223,car seat,seats
2225,led lights,lighting
2226,looks,design
2227,engine,engine / power train
2228,windshield intensity,seats
2229,drive train technology,drive
2230,mercedes-benz,model / generic car terms
2231,back side headspace,climate / temperature control
2232,premium plus trim level,interior materials & trim / finish
2233,performance level,performance
2234,sl,model / generic car terms
2235,back head room,climate / temperature control
2236,counter drive,drive
2237,power folding,engine/ power train
2238,clutch,transmission
2239,knee rooms,passenger space
2240,footroom,passenger space
2241,tail light color,design
2242,carplay,connectivity / integration
2243,cup holder,storage & utility
2245,underfloor compartment,storage & utility
2247,brake discs,brake
2248,twisty road,road terrain
2250,split tailgate,boot/cargo
2251,hybrid technology,fuel / energy / charging
2252,fold down seats,seats
2253,boot size,boot/cargo
2255,plastic head,exterior materials & finish
2258,steering buttons,steering
2259,hybrid engine,engine / power train
2260,handling,Driving Dynamics / Handling
2262,circular dial,physical controls
2263,dynamic exhaust,exhaust
2264,height,dimensions & measurements
2265,front brakes discs,brake
2267,adjustable side bolsters,seats
2268,chassis braces,climate / temperature control
2269,interior experience,interior
2270,small bump,road terrain
2271,door tops,doors
2272,stop start system,brake
2274,boot features,boot/cargo
2275,suspension(sport),suspension
2276,only apple carplay,connectivity / integration
2277,seatbelt adjustment,Comfort & Ergonomics
2279,ipod connector to stereo,audio
2280,backup camera,climate / temperature control
2281,shifting,transmission
2282,audi interface,model / generic car terms
2283,exterior styling,exterior materials & finish
2284,picking the route,navigation / mapping
2285,interior trim,interior
2286,q5,model / generic car terms
2287,sit up,seats
2288,a7 price,model / generic car terms
2289,feel behind the steering,steering
2290,wireless charging,connectivity / integration
2292,knee airbag,safety
2293,petrol models,fuel / energy / charging
2294,s3,model / generic car terms
2295,new x3,model / generic car terms
2296,loading things,boot/cargo
2297,weight balance,traction / stability
2299,middle section,passenger space
2300,competion choices,road terrain
2301,touring body,body class
2302,menu,software / interaction
2303,center arm rest,seats
2304,full multi beam led headlights,lighting
2306,storage drawer,storage & utility
2308,volvo xc60 drive,model / generic car terms
2309,purple ambient lighting,lighting
2310,comfort mode,Comfort & Ergonomics
2311,rear view camera,visibility & view
2312,drive settings,model / generic car terms
2313,four wheel drive system,drive
2314,rev counter,engine/ power train
2315,gt -r,model / generic car terms
2316,entertainment display,displays / instrumentation
2317,300d power,engine/ power train
2318,road around bends,road terrain
2319,surround view camera system,visibility & view
2320,seat sliding forward,model / generic car terms
2321,character lines,climate / temperature control
2322,nets,storage & utility
2323,gearshift modifications,transmission
2324,wheel design,wheels & tyres
2325,audi virtual cockpit,model / generic car terms
2326,sports steering,steering
2327,offroad travel,road terrain
2328,front drive shafts,drive
2329,get in the car,doors
2330,manoeuvring at low speed,steering
2332,dynamic engine,engine / power train
2333,foot and leg rest,seats
2334,steering and lane controlled assistant,steering
2335,ventilation controls,aerodynamics / airflow
2337,pedal,brake
2338,seat packets,climate / temperature control
2339,power dependability,engine/ power train
2340,screen for air conditioning,displays / instrumentation
2341,sounds,audio
2342,s8,model / generic car terms
2343,station wagon,body type
2344,side blades,body class
2346,slow speed,model / generic car terms
2347,low speed,acceleration
2349,sound,audio
2350,drive everyday,drive
2351,body shell,body class
2354,driver distraction,drive
2355,foot room,passenger space
2356,backseat headroom,climate / temperature control
2358,automatic performance,performance
2359,steering weight,steering
2360,instrument gearbox,transmission
2361,s class driving experience,model / generic car terms
2362,mercedes-benz star,model / generic car terms
2364,direction change,steering
2367,heat pump,climate / temperature control
2368,get in,doors
2370,front tires,wheels & tyres
2371,steering ratio,steering
2372,knee room,passenger space
2373,optional heads up displays,displays / instrumentation
2374,folding mirrors,mirrors
2375,seat cover,seats
2376,anti jacking,climate / temperature control
2377,windscreen,windscreen / wipers
2380,rest of the finish,interior materials & trim / finish
2381,door bin front,storage & utility
2382,tailgate opening,doors
2383,back tire,climate / temperature control
2384,slide,model / generic car terms
2385,front two seats,seats
2387,luxury package,climate / temperature control
2388,display unit,displays / instrumentation
2389,suspension,suspension
2390,power uplift,engine/ power train
2391,entry,doors
2392,3 series,model / generic car terms
2393,bottom,model / generic car terms
2394,six speed manual,transmission
2395,options,software / interaction
2397,comfort mode ride,Comfort & Ergonomics
2398,r8,model / generic car terms
2399,dampers,suspension
2400,s c suspension,suspension
2401,mountain road,road terrain
2403,air curtains,aerodynamics / airflow
2404,running costs,value / cost
2405,overhangs,aerodynamics / airflow
2406,current style,design
2407,comfort,Comfort & Ergonomics
2408,boxes,boot/cargo
2409,ambient lighting,lighting
2410,spoiler,fuel / energy / charging
2411,back room,climate / temperature control
2412,two litre tf excitable petrol,fuel / energy / charging
2413,feet adjustment,Comfort & Ergonomics
2414,s tronic,model / generic car terms
2415,mirror cover,mirrors
2416,adaptive dampers,suspension
2417,front descreasing bottom,model / generic car terms
2418,sport mode,Driving Dynamics / Handling
2419,graphic,displays / instrumentation
2420,fuel efficiency,fuel / energy / charging
2422,central locking sound,audio
2423,ground clearance,dimensions & measurements
2426,stitching,interior materials & trim / finish
2427,a4 g5 seating,model / generic car terms
2428,playing music,audio
2429,bmw 3 40 i engine,engine / power train
2431,r three,model / generic car terms
2432,car,model / generic car terms
2433,baby seats,seats
2434,bluetooth,connectivity / integration
2435,contrast,design
2436,headlight control,lighting
2437,seatbelt butler,seats
2438,gear,transmission
2439,front trunk,boot/cargo
2440,central screen,displays / instrumentation
2441,suspension (dynamic mode),suspension
2443,carrying five once,passenger space
2444,normal comfort suspension,Comfort & Ergonomics
2446,suspension redesign,suspension
2447,a6 back,model / generic car terms
2448,engine sounds,engine / power train
2449,design details,design
2450,front track,climate / temperature control
2451,corner balance,traction / stability
2452,going faster,acceleration
2454,getting back,model / generic car terms
2455,color,design
2456,view,visibility & view
2457,swiping zoom manoeuvres,gesture / motion controls
2458,lower bumper,road terrain
2459,fuel budget,fuel / energy / charging
2460,acceleration,climate / temperature control
2461,crackles,climate / temperature control
2462,sports model,model / generic car terms
2464,seal between the doors,doors
2465,tires,wheels & tyres
2466,grip,traction / stability
2468,steering precision,Driving Dynamics / Handling
2469,down the door bins,storage & utility
2470,exhaust layer,exhaust
2472,comfort adaptive,Comfort & Ergonomics
2473,sitting,model / generic car terms
2474,f40 5 a.m. g brakes,model / generic car terms
2475,styling accents,climate / temperature control
2476,going downhill,road terrain
2478,carpeting,model / generic car terms
2479,sports plus mode,Driving Dynamics / Handling
2480,19 inch wheels,wheels & tyres
2481,prices,road terrain
2484,start stop feature,brake
2485,gesture control,gesture / motion controls
2486,boot capacity,climate / temperature control
2487,swivel wheel,wheels & tyres
2489,brightness,lighting
2490,room,passenger space
2491,differential,traction / stability
2492,callipers,aerodynamics / airflow
2493,manual gear change,transmission
2494,roundabouts,cornering
2496,tt cornering,cornering
2498,red cable hybrid engine,engine / power train
2499,sport plus mode,Driving Dynamics / Handling
2501,wax dropping from the door,doors
2502,mode switch,Driving Dynamics / Handling
2503,auxillary connectors,connectivity / integration
2504,mercedes technology,model / generic car terms
2506,modern startup technology,software / interaction
2507,audi tron,model / generic car terms
2509,satin finish line,interior materials & trim / finish
2511,braking feel,brake
2513,leg room,passenger space
2514,blind spot warning,safety
2515,m5 competition,model / generic car terms
2517,exhaust pipes,exhaust
2518,driving on bumps,drive
2519,shifter,transmission
2522,mercedes a class,model / generic car terms
2523,driving function,drive
2524,lower lip,aerodynamics / airflow
2525,length,model / generic car terms
2526,rs5 quality,model / generic car terms
2527,few bumps,road terrain
2528,energizing comfort control,Comfort & Ergonomics
2529,road imperfections,road terrain
2530,exterior noise,exterior materials & finish
2531,three adults in the back,climate / temperature control
2532,down storage,storage & utility
2533,load bay,boot/cargo
2534,carrying three abreast,passenger space
2535,body,body class
2536,audi s a3,model / generic car terms
2537,boot,boot/cargo
2538,standard frame,build quality / construction
2539,shift button,model / generic car terms
2540,going fast,acceleration
2541,upshifts,transmission
2542,seat backs,climate / temperature control
2544,air bags,safety
2545,drive at speed,drive
2546,driving environment,drive
2548,seat bench,seats
2549,sun visor,windscreen / wipers
2550,logo,design
2552,especially back,climate / temperature control
2553,interior design philosophy,interior
2554,a6 backseats,model / generic car terms
2555,variable rate steering,steering
2556,touchpad,software / interaction
2557,graphics,displays / instrumentation
2558,sport setting,model / generic car terms
2559,visual presence,design
2560,gear select,transmission
2561,rs6,model / generic car terms
2562,taxi drive,drive
2563,brake pedal,brake
2564,v10 twin turbo charge,engine/ power train
2565,drive system,drive
2566,exhaust,exhaust
2568,digital screens,displays / instrumentation
2569,roof rails,roof
2570,roof rains,roof
2571,smooth road drive,drive
2572,wind intakes,aerodynamics / airflow
2573,lack of cabin noise,climate / temperature control
2574,drive version,drive
2575,pedal configuration,brake
2577,get stuff in boot,boot/cargo
2579,g class,model / generic car terms
2581,display panel,displays / instrumentation
2582,car start,model / generic car terms
2583,handling package,Driving Dynamics / Handling
2584,recline,seats
2585,f40 5 a.m. g suspension,model / generic car terms
2586,practical side,Comfort & Ergonomics
2587,stability control,traction / stability
2588,steering turn,steering
2589,pockets,storage & utility
2590,reductive sport end suspension,suspension
2591,infotainment system,software / interaction
2592,power liftgate,engine/ power train
2593,screen display,displays / instrumentation
2594,window ledges,body class
2595,launch control function,acceleration
2596,offroader,road terrain
2597,no load lift,boot/cargo
2600,360 degree surround camera,cameras
2601,dynamic handling package,Driving Dynamics / Handling
2602,estate cars,body type
2603,boot underfloor area,boot/cargo
2604,s class front seat,model / generic car terms
2605,passenger in the back,climate / temperature control
2606,torque vectoring rear differential,traction / stability
2607,event,aerodynamics / airflow
2608,f40 i x dr,model / generic car terms
2609,push button reach,model / generic car terms
2610,adjustable lumbar support,seats
2611,sound system,audio
2613,entertainment system,software / interaction
2614,pillar for leaning on window,aerodynamics / airflow
2615,gravel road,road terrain
2617,manual transmission,transmission
2619,nintendo entertainment system,software / interaction
2620,soundtrack,climate / temperature control
2623,side trim,interior materials & trim / finish
2625,graphics card,model / generic car terms
2629,rearward facing child seats,climate / temperature control
2630,steering column,steering
2631,entry level,doors
2633,i drive seven,drive
2634,headrest pillows,seats
2635,touch screen,displays / instrumentation
2636,tethering point,connectivity / integration
2637,fuel momentum99,fuel / energy / charging
2638,rpm,engine/ power train
2639,2.1 litre turbo diesel four cylinder,engine/ power train
2641,power distribution,engine/ power train
2642,rear seats,seats
2643,drive modes,drive
2644,liftgate,boot/cargo
2645,selection mode,physical controls
2646,a4 g5,model / generic car terms
2647,back roofline,climate / temperature control
2648,composure,Driving Dynamics / Handling
2649,center seat,seats
2651,carrying three adults,model / generic car terms
2652,driving dynamics,Driving Dynamics / Handling
2653,parcel shelf,storage & utility
2654,carry three passengers in back,climate / temperature control
2655,torque capability,engine/ power train
2656,side skirts,body class
2657,windscreen map,windscreen / wipers
2658,crevice,road terrain
2659,sound,audio
2660,s6,model / generic car terms
2661,pedal field,brake
2662,wind whistle,audio
2664,adaptive suspension,suspension
2665,top down display,roof
2666,sd card slot,model / generic car terms
2667,paddle shift gearbox,transmission
2668,dynamic mode,Driving Dynamics / Handling
2669,emergency services button,model / generic car terms
2670,steering feedback,steering
2672,distracted driving,climate / temperature control
2673,interior,interior
2674,styling cars,design
2675,storage,storage & utility
2676,backseat room,climate / temperature control
2678,sports mode,Driving Dynamics / Handling
2680,engine starting,engine / power train
2681,driving sensation,drive
2682,silver trim on steering,steering
2683,ride comfort,Comfort & Ergonomics
2685,sport and performance package,climate / temperature control
2686,expense,value / cost
2688,wheel base,chassis / structural
2689,power plant,engine/ power train
2691,carrying three headroom,passenger space
2692,entertainment setup,software / interaction
2693,reversing assistant,driver assistance
2694,spring rate,suspension
2695,glc c300,model / generic car terms
2696,back seats,climate / temperature control
2697,temperature,climate / temperature control
2698,spaciousness,climate / temperature control
2699,angular,design
2700,driver display panel,drive
2702,audi a3,model / generic car terms
2703,camera,cameras
2704,lateral grip,traction / stability
2705,speed control,acceleration
2706,door pockets,storage & utility
2707,five and 1/2 1000 rpm,engine/ power train
2708,door opening,doors
2709,storage area,storage & utility
2710,hybrid version,fuel / energy / charging
2711,v8,engine/ power train
2712,camera gun,cameras
2714,driving position,drive
2715,openings,doors
2716,throttle responsiveness,model / generic car terms
2717,window seal,aerodynamics / airflow
2718,power delivery,engine/ power train
2719,blinds,windows / glass
2720,engine start,engine / power train
2721,quick charge system,fuel / energy / charging
2722,seats down,seats
2723,mercedes e class coupe a,model / generic car terms
2725,sensors,connectivity / integration
2726,rear steering wheel,steering
2727,basic five series,model / generic car terms
2728,temperature control,climate / temperature control
2729,fuel consumption,fuel / energy / charging
2730,a5 sport back,model / generic car terms
2731,exhausts pipes,exhaust
2732,lights,lighting
2733,crossover,body type
2734,trip computer,displays / instrumentation
2735,over speed,acceleration
2736,second row sound,audio
2737,petrol,fuel / energy / charging
2738,bmw cars,model / generic car terms
2739,dynamic downshift,transmission
2740,cost,value / cost
2741,turbo petrol,fuel / energy / charging
2742,rs4,model / generic car terms
2743,f 30,model / generic car terms
2744,corner breaking,cornering
2745,rear air conditioning,aerodynamics / airflow
2746,air bladders,aerodynamics / airflow
2747,quattro engine,engine / power train
2748,engineering prowess,engine / power train
2749,boot opening,doors
2751,back frame,climate / temperature control
2752,e break activation lever,climate / temperature control
2754,shift lever,transmission
2755,attitude,model / generic car terms
2756,rear passengers,passenger space
2759,i drive system,drive
2760,quattro wheel drive,model / generic car terms
2761,vent,aerodynamics / airflow
2762,air blower,aerodynamics / airflow
2763,design,design
2764,space saver,climate / temperature control
2765,steering wheel paddles,steering
2766,steering sensitivity,steering
2767,cargo floor,boot/cargo
2768,road noise levels,audio
2769,back side seats,climate / temperature control
2771,electricity,fuel / energy / charging
2772,u turns,cornering
2773,interior design,interior
2775,turning,cornering
2776,insurance price,road terrain
2777,driver assistant system,drive
2778,folding metal roof,roof
2779,wheel look change,wheels & tyres
2780,modes,Driving Dynamics / Handling
2781,comfort ico plus,Comfort & Ergonomics
2782,second row roof,roof
2784,head space,climate / temperature control
2788,front armrest,seats
2789,privacy glass,climate / temperature control
2790,steering ratio ride,steering
2791,wireless charging,connectivity / integration
2793,a6,model / generic car terms
2794,front seat side bolster,seats
2795,proportions,design
2796,bmw four serious,model / generic car terms
2797,entire engine lineup,engine / power train
2799,comfort plus mode,Comfort & Ergonomics
2800,rear haunches,passenger space
2801,rest of the car,model / generic car terms
2803,rs lineage,model / generic car terms
2804,phone spot,connectivity / integration
2805,satnav,navigation / mapping
2806,over six foot tall,passenger space
2808,inside enhancements,interior
2809,bmw m3,model / generic car terms
2811,my vehicle,model / generic car terms
2812,torque,engine/ power train
2813,shift operation,transmission
2814,reversing assistant,driver assistance
2815,places in the front,climate / temperature control
2817,sports exhaust,exhaust
2818,suv,body type
2819,tire design,wheels & tyres
2820,minivan,body type
2821,brake pedal field,brake
2822,convertibles,body type
2824,back of the car,climate / temperature control
2826,priced,road terrain
2827,toggle switches,physical controls
2828,pulses,audio
2829,camera mirrors,mirrors
2830,cabin features,interior
2831,headlamps,lighting
2832,headlight design,lighting
2833,volume knob,physical controls
2835,energy harvesting,fuel / energy / charging
2836,interior space,climate / temperature control
2838,standard seats,seats
2839,traditional amber lighting,lighting
2841,car storage,storage & utility
2842,boot volume,boot/cargo
2843,no rapid charging,fuel / energy / charging
2845,lift items,boot/cargo
2846,resistance,design
2847,electric seats,seats
2848,car feels,model / generic car terms
2849,m performance version,model / generic car terms
2850,amg gt,model / generic car terms
2851,door bin back,climate / temperature control
2852,screen interface,climate / temperature control
2853,clicking sound,audio
2854,sticker price,road terrain
2855,cover storage,storage & utility
2857,s line,packages / trims / variants
2858,protective system,driver assistance
2859,weight ratio,weight
2860,front bumpers,road terrain
2861,audi q7,model / generic car terms
2862,steering wheel in parking,steering
2863,dynamic sport mode,Driving Dynamics / Handling
2864,places,climate / temperature control
2865,lines,design
2866,front wheel drive,drive
2867,tire pressure monitor,wheels & tyres
2868,rear wheel steering,steering
2869,six series gt,model / generic car terms
2871,load lip,aerodynamics / airflow
2872,lower side wall,body class
2873,seven speed automatic transmission,transmission
2875,load and unload,boot/cargo
2876,massage programs,Comfort & Ergonomics
2877,technology pack processor,climate / temperature control
2878,roof up,roof
2879,audio system,model / generic car terms
2880,getting in the back,doors
2881,boot storage,storage & utility
2882,a4 driving position,model / generic car terms
2883,rear seat,seats
2884,x6,model / generic car terms
2885,three series,model / generic car terms
2887,front passenger seat fittings,model / generic car terms
2888,structural integrity,build quality / construction
2889,electricity fuel,fuel / energy / charging
2890,backend,climate / temperature control
2891,battery upgrade,model / generic car terms
2892,spare wheel,wheels & tyres
2893,top up,roof
2894,traction control,climate / temperature control
2895,hardtop,roof
2896,exhaust system,exhaust
2897,front passenger seat,seats
2898,cargo sppace,climate / temperature control
2899,manual sport mode,transmission
2900,touchscreen,displays / instrumentation
2901,high speed,acceleration
2902,drift mode,Driving Dynamics / Handling
2903,a 35,model / generic car terms
2904,front motor,engine/ power train
2905,a6 weight,model / generic car terms
2906,body shape,body class
2907,turning circle,cornering
2908,rear deck lid,boot/cargo
2909,rear seatbacks,climate / temperature control
2910,mercedes-benz g . l . a,model / generic car terms
2911,coin holders,storage & utility
2912,aluminium,exterior materials & finish
2913,canyon,road terrain
2914,cruise control system,driver assistance
2915,comfort suspension corner handling,Driving Dynamics / Handling
2916,boot height,boot/cargo
2917,driving mode,drive
2918,electrification,fuel / energy / charging
2919,noise flow,audio
2920,bumper,road terrain
2922,backrest,climate / temperature control
2923,middle seat headroom,seats
